Sample,X,Y,Z
0,-0.0217,0.0034,1.0905
1,-0.0139,0.0050,1.0066
2,-0.0167,0.0118,1.0466
3,0.0135,0.0015,1.0298
4,-0.0106,0.0020,1.0157
5,-0.0130,-0.0009,1.0104
6,-0.0211,0.0043,1.0308
7,-0.0061,0.0041,1.0357
8,-0.0250,0.0197,1.0377
9,0.0059,-0.0028,1.0291
10,-0.0007,-0.0026,1.0299
11,0.0075,-0.0009,1.0184
12,-0.0178,0.0126,1.0175
13,-0.0049,0.0059,1.0297
14,-0.0126,0.0157,1.0256
15,-0.0057,0.0056,1.0319
16,0.0010,-0.0019,1.0237
17,0.0122,-0.0090,1.0179
18,-0.0085,0.0048,1.0312
19,-0.0157,0.0102,1.0375
20,0.0049,0.0081,1.0386
21,0.0013,-0.0102,1.0239
22,-0.0057,0.0056,1.0104
23,0.0148,-0.0146,1.0162
24,-0.0013,0.0088,1.0214
25,-0.0153,0.0052,1.0490
26,-0.0088,0.0100,1.0415
27,0.0089,0.0001,1.0261
28,0.0165,-0.0032,1.0120
29,0.0020,0.0016,1.0249
30,-0.0200,0.0043,1.0388
31,-0.0243,0.0057,1.0454
32,0.0052,0.0038,1.0385
33,-0.0004,0.0008,1.0285
34,0.0046,-0.0034,1.0135
35,-0.0152,0.0004,1.0320
36,-0.0048,0.0021,1.0342
37,-0.0253,0.0130,1.0384
38,-0.0033,0.0063,1.0303
39,-0.0001,0.0024,1.0283
40,-0.0055,-0.0076,1.0200
41,-0.0214,-0.0002,1.0246
42,-0.0107,0.0015,1.0381
43,-0.0303,0.0197,1.0308
44,0.0054,-0.0031,1.0425
45,0.0030,-0.0026,1.0239
46,0.0018,0.0031,1.0179
47,-0.0152,0.0053,1.0288
48,-0.0179,0.0139,1.0378
49,-0.0156,0.0099,1.0424
50,-0.0003,0.0008,1.0312
51,0.0057,-0.0022,1.0215
52,0.0139,0.0040,1.0171
53,-0.0147,0.0111,1.0255
54,-0.0241,0.0121,1.0378
55,-0.0053,0.0024,1.0400
56,0.0134,-0.0006,1.0253
57,-0.0007,0.0032,1.0132
58,0.0054,-0.0014,1.0145
59,-0.0001,0.0093,1.0300
60,-0.0077,0.0178,1.0580
61,-0.0039,0.0063,1.0365
62,0.0099,-0.0027,1.0325
63,-0.0012,0.0069,1.0134
64,-0.0087,0.0055,1.0356
65,-0.0125,0.0100,1.0351
66,-0.0278,0.0195,1.0357
67,0.0106,0.0020,1.0196
68,-0.0022,0.0070,1.0211
69,0.0031,-0.0021,1.0151
70,-0.0136,0.0060,1.0347
71,-0.0084,0.0091,1.0275
72,-0.0149,0.0140,1.0414
73,0.0068,0.0040,1.0273
74,-0.0097,0.0059,1.0261
75,-0.0078,-0.0012,1.0162
76,-0.0178,0.0072,1.0251
77,-0.0094,0.0009,1.0434
78,-0.0200,0.0158,1.0273
79,0.0000,-0.0046,1.0362
80,-0.0076,-0.0063,1.0212
81,-0.0067,-0.0034,1.0242
82,-0.0219,0.0078,1.0258
83,-0.0148,0.0082,1.0421
84,-0.0048,0.0093,1.0305
85,-0.0051,-0.0057,1.0208
86,-0.0092,-0.0007,1.0125
87,0.0031,-0.0072,1.0234
88,0.0040,0.0041,1.0302
89,-0.0146,0.0148,1.0416
90,-0.0103,0.0046,1.0431
91,-0.0016,-0.0018,1.0354
92,-0.0081,-0.0051,1.0173
93,-0.0024,0.0001,1.0188
94,-0.0034,0.0031,1.0206
95,-0.0212,0.0085,1.0320
96,0.0004,0.0021,1.0373
97,-0.0063,0.0048,1.0429
98,0.0024,0.0021,1.0222
99,-0.0001,0.0190,1.0192
100,0.0042,0.0161,1.0217
101,-0.0187,0.0121,1.0394
102,-0.0022,0.0043,1.0336
103,-0.0049,-0.0026,1.0212
104,0.0049,-0.0013,1.0176
105,-0.0140,-0.0013,1.0276
106,-0.0087,0.0149,1.0275
107,-0.0232,0.0154,1.0527
108,0.0009,-0.0031,1.0340
109,0.0060,0.0120,1.0181
110,0.0035,-0.0013,1.0104
111,-0.0189,0.0054,1.0317
112,-0.0134,0.0038,1.0358
113,-0.0136,0.0082,1.0366
114,0.0043,-0.0016,1.0275
115,-0.0036,-0.0031,1.0292
116,-0.0087,-0.0003,1.0121
117,-0.0121,0.0173,1.0109
118,0.0012,0.0267,1.0522
119,-0.0001,0.0336,1.0643
120,-0.0082,0.0809,1.0353
121,-0.0063,0.0941,1.0106
122,0.0122,0.0765,1.0150
123,-0.0195,0.0951,1.0144
124,-0.0726,0.1161,1.0520
125,-0.0525,0.1517,1.0654
126,-0.0044,0.2344,1.0511
127,0.0264,0.3074,1.0370
128,0.0244,0.3566,0.9942
129,0.0247,0.3245,0.9767
130,-0.0123,0.2674,0.9609
131,-0.0098,0.2053,0.9596
132,0.0041,0.1629,0.9592
133,0.0480,0.1387,0.9814
134,0.0347,0.1441,1.0249
135,0.0140,0.1325,1.0738
136,-0.0095,0.1458,1.1326
137,0.0032,0.1381,1.1589
138,-0.0164,0.1460,1.1091
139,-0.0001,0.1284,1.0171
140,-0.0192,0.0848,0.9230
141,-0.0027,0.0293,0.8874
142,-0.0345,0.0229,0.9163
143,-0.0022,0.0490,0.9531
144,0.0063,0.0955,1.0154
145,0.0448,0.1316,1.0441
146,0.0239,0.1816,1.0972
147,0.0007,0.1653,1.0969
148,-0.0247,0.1096,1.0706
149,-0.0045,0.0206,1.0248
150,-0.0327,-0.0388,0.9864
151,-0.0352,-0.0588,0.9671
152,-0.0314,-0.0380,0.9867
153,-0.0017,0.0202,1.0278
154,0.0408,0.0878,1.1030
155,0.0386,0.1198,1.1155
156,0.0104,0.0739,1.1157
157,-0.0042,0.0013,1.0393
158,-0.0640,-0.0408,0.9880
159,-0.0628,0.0075,0.9599
160,-0.0007,0.0746,0.9805
161,0.0391,0.1547,1.0032
162,0.0351,0.1837,1.0154
163,-0.0077,0.1730,1.0261
164,-0.0583,0.1273,1.0496
165,-0.0893,0.1137,1.0007
166,-0.0176,0.0911,0.9661
167,0.0385,0.0905,0.9422
168,0.0419,0.0703,0.9959
169,-0.0270,0.1043,1.0874
170,-0.0480,0.1469,1.1644
171,-0.0109,0.2045,1.1575
172,0.0446,0.2419,1.0718
173,0.0309,0.2360,0.9786
174,-0.0011,0.1808,0.9465
175,-0.0261,0.1259,0.9223
176,-0.0142,0.0874,0.9180
177,-0.0231,0.1011,0.9755
178,0.0248,0.1611,1.0562
179,0.0627,0.2424,1.0753
180,0.1245,0.2502,1.0833
181,0.0295,0.1866,1.1295
182,-0.0544,0.1289,1.1198
183,-0.0541,0.0914,1.0590
184,0.0052,0.0411,0.9815
185,-0.0003,0.0277,0.9045
186,0.0309,0.0643,0.9183
187,0.0321,0.1256,0.9809
188,0.0125,0.1545,1.1021
189,-0.0334,0.1263,1.1511
190,-0.0202,0.0883,1.0740
191,0.0121,-0.0026,0.9884
192,-0.0272,-0.0511,0.9568
193,-0.0935,-0.0381,0.9927
194,-0.0698,-0.0049,0.9967
195,0.0175,0.0142,1.0569
196,0.0154,0.0776,1.0908
197,-0.0060,0.1035,1.0750
198,-0.0045,0.0865,1.0454
199,-0.0152,0.0641,1.0411
200,-0.0657,0.1080,1.0362
201,-0.0471,0.1302,1.0100
202,-0.0293,0.1240,0.9875
203,0.0364,0.1107,0.9788
204,0.0115,0.1443,1.0014
205,-0.0395,0.2317,1.0884
206,-0.0284,0.2914,1.1384
207,0.0193,0.2851,1.0895
208,0.0262,0.2493,0.9753
209,0.0492,0.1996,0.8600
210,0.0134,0.1373,0.8989
211,-0.0251,0.1183,1.0216
212,-0.0406,0.1420,1.0753
213,0.0316,0.1470,1.0524
214,0.0941,0.0976,1.0291
215,0.1122,0.0740,0.9991
216,-0.0129,0.0748,1.0408
217,-0.0247,0.0908,1.1082
218,-0.0122,0.0875,1.1570
219,0.0209,0.1082,1.0649
220,0.0480,0.1251,0.9666
221,0.0314,0.0941,0.9184
222,0.0201,0.1078,0.9578
223,-0.0593,0.1459,1.0066
224,-0.0393,0.1179,1.0441
225,0.0109,0.0910,1.0518
226,-0.0052,0.0703,0.9727
227,-0.0176,0.0555,0.9431
228,-0.0378,0.0526,1.0278
229,-0.0516,0.1038,1.0808
230,-0.0073,0.1469,1.1433
231,-0.0227,0.1758,1.1594
232,-0.0089,0.1777,1.0566
233,-0.0219,0.1288,0.9563
234,-0.0101,0.0883,0.8972
235,-0.0555,0.0707,0.9443
236,-0.0478,0.0868,1.0311
237,0.0016,0.0899,1.0671
238,0.0529,0.0677,1.0386
239,0.0267,0.0995,1.0406
240,-0.0100,0.1486,1.0629
241,-0.0471,0.1888,1.1190
242,-0.0144,0.1699,1.0807
243,-0.0365,0.1381,1.0388
244,-0.0380,0.1205,0.9951
245,-0.0359,0.1203,0.9442
246,0.0028,0.1339,0.9556
247,-0.0070,0.1748,0.9453
248,-0.0181,0.2189,1.0300
249,0.0354,0.2400,1.0374
250,0.1179,0.2164,1.0769
251,0.0957,0.1863,1.0016
252,-0.0198,0.0864,1.0345
253,-0.0018,0.0292,1.0339
254,0.0720,-0.0016,1.0263
255,0.0254,-0.0363,1.0010
256,-0.0389,-0.0018,1.0944
257,-0.0358,0.0739,1.0772
258,0.0582,0.1642,1.0902
259,0.0366,0.1904,1.0604
260,-0.0967,0.1735,1.0701
261,-0.0471,0.1592,0.9960
262,0.0620,0.1357,0.9031
263,-0.0209,0.0701,0.8976
264,-0.1473,0.0708,0.9728
265,-0.0354,0.1166,0.9856
266,0.0603,0.1842,1.0238
267,0.0300,0.2645,1.1266
268,-0.0120,0.2917,1.1522
269,0.0190,0.2252,1.0890
270,-0.0214,0.0906,1.0003
271,-0.1085,-0.0440,0.9882
272,-0.1000,-0.0693,0.9031
273,-0.0028,-0.0500,0.9404
274,0.0095,0.0869,1.0687
275,0.0356,0.2012,1.1583
276,0.0392,0.2064,1.0983
277,-0.0273,0.1053,1.1151
278,-0.0898,0.0327,1.0328
279,-0.0847,0.0278,0.9675
280,-0.0598,0.0779,0.9399
281,0.0000,0.1492,0.9954
282,0.1089,0.1752,1.0202
283,0.0311,0.1851,1.0018
284,-0.0530,0.1674,1.0424
285,-0.0049,0.1686,1.0971
286,0.0046,0.2178,1.0182
287,0.0133,0.2857,1.0339
288,0.0768,0.2592,0.9839
289,0.0671,0.1630,0.9842
290,-0.0078,0.0435,0.9672
291,-0.0454,0.0187,0.9909
292,-0.0461,0.0323,1.0629
293,0.0013,0.0957,1.1149
294,0.1094,0.1308,1.1260
295,0.0911,0.1179,1.1064
296,-0.0469,0.0410,1.0204
297,-0.0593,0.0080,0.9724
298,-0.0169,0.0365,0.9285
299,-0.0554,0.1317,0.9606
300,0.0353,0.1733,0.9882
301,0.0627,0.1348,0.9961
302,0.0148,0.1071,1.0397
303,-0.0649,0.0820,1.0510
304,-0.0967,0.0791,1.0789
305,-0.0137,0.1057,1.0367
306,0.0917,0.1235,1.0083
307,0.0144,0.0895,1.0586
308,-0.1135,0.0626,1.0720
309,-0.0682,0.0688,1.0822
310,-0.0079,0.1364,1.0616
311,-0.0323,0.1838,1.0048
312,0.0231,0.1191,0.9626
313,-0.0132,0.0492,0.9969
314,-0.0984,0.0701,0.9687
315,-0.0696,0.1326,1.0519
316,0.0535,0.1573,1.0383
317,0.0439,0.1612,0.9905
318,0.0815,0.1245,0.9802
319,-0.0117,0.0219,1.0532
320,-0.0137,0.0375,1.1469
321,0.0157,0.0931,1.0982
322,0.0213,0.0797,1.0540
323,0.0213,0.0797,1.0540
324,0.0302,0.0773,0.9849
325,0.0171,0.0390,0.9669
326,-0.0493,0.0754,0.9422
327,-0.0579,0.1093,1.1195
328,-0.0045,0.2138,1.1240
329,-0.0071,0.2185,1.0168
330,0.0286,0.1071,0.9413
331,0.0509,0.0239,0.9191
332,-0.0404,0.0548,0.9265
333,-0.0209,0.1434,1.0434
334,0.0815,0.1496,1.1648
335,0.0129,0.1938,1.1184
336,0.0314,0.1435,1.0335
337,0.0138,0.1044,1.0300
338,-0.0102,0.1161,1.0359
339,0.0040,0.1754,1.0392
340,-0.0427,0.1726,1.0957
341,-0.0314,0.1445,1.0181
342,0.0571,0.0508,0.9581
343,-0.0063,0.0536,0.9174
344,-0.0134,0.0698,0.9626
345,-0.0151,0.1062,0.9894
346,-0.0197,0.0522,1.1052
347,0.0012,0.0499,1.0082
348,-0.0241,-0.0114,1.0129
349,-0.0551,-0.0178,1.0172
350,-0.0035,-0.0088,1.0063
351,-0.0232,0.0504,1.0659
352,-0.0402,0.0756,1.0745
353,-0.0265,0.0396,1.0922
354,-0.0093,0.0537,1.0493
355,0.0370,0.1191,1.0029
356,0.0380,0.1745,0.9747
357,-0.0098,0.2006,1.0505
358,-0.0461,0.2366,1.0613
359,0.0070,0.1224,1.0178
360,0.0242,0.0932,0.9183
361,0.0132,0.0383,0.9543
362,0.0018,0.0814,0.9622
363,-0.0222,0.1345,1.0179
364,0.0000,0.1297,1.1252
365,0.0291,0.0987,1.1472
366,0.0098,0.1055,1.1235
367,-0.0176,0.0576,1.0552
368,-0.0018,0.0781,1.0322
369,0.0111,0.0812,1.0459
370,-0.0703,0.1649,0.9453
371,-0.0114,0.1201,0.9085
372,0.0815,0.0537,0.9465
373,0.0653,0.1384,0.9811
374,-0.0410,0.1398,0.9778
375,-0.0354,0.1219,1.0100
376,0.0561,0.0700,1.1262
377,0.0862,0.1962,1.0945
378,-0.0585,0.1357,1.1186
379,-0.0056,0.1043,1.0640
380,-0.0178,0.0751,0.9784
381,-0.0354,0.1408,0.9421
382,-0.0674,0.0775,1.0535
383,-0.0063,0.1303,0.9620
384,0.0157,0.0697,0.9930
385,-0.0012,0.0890,0.9566
386,-0.0012,0.0890,0.9566
387,-0.0381,0.0725,1.1276
388,0.0177,0.0745,0.9636
389,-0.0015,0.0224,1.0986
390,0.0153,0.0139,0.9984
391,-0.0073,0.0089,1.1761
392,-0.0125,0.1018,1.0096
393,-0.0342,0.0566,1.1208
394,-0.0399,0.0588,1.0192
395,-0.0232,0.0925,0.9812
396,0.0478,0.1166,0.8389
397,0.0443,0.0866,1.0845
398,-0.0168,0.1564,0.9844
399,-0.1092,0.1443,0.9700
400,0.0659,0.0973,1.0152
401,0.0847,0.1362,1.1646
402,-0.0837,0.1891,1.0061
403,-0.0480,0.1343,1.0176
404,0.0157,0.1538,1.0172
405,0.0355,0.1530,1.1045
406,-0.1448,0.0283,0.9369
407,-0.0246,-0.0129,0.9733
408,0.0923,0.0393,0.9819
409,0.0621,0.0887,0.9796
410,-0.0154,0.1207,1.1336
411,0.0067,0.0997,0.9898
412,0.0869,0.0016,1.0691
413,0.0777,0.1194,1.1303
414,-0.0765,0.0878,1.1685
415,-0.0533,0.1615,0.9549
416,0.0070,0.0502,1.0762
417,0.0106,0.1656,0.9277
418,-0.0477,0.1212,0.9532
419,0.0062,0.1754,0.9440
420,0.0461,0.1365,1.0726
421,0.0341,0.2515,0.9650
422,-0.0334,0.1813,1.0626
423,0.0048,0.1887,1.0068
424,0.0157,0.1677,1.0789
425,0.0475,0.0821,0.9513
426,-0.1003,0.0063,1.0625
427,-0.0573,0.0740,1.1226
428,0.1992,-0.0554,1.0357
429,0.0207,-0.0813,1.0206
430,-0.0745,-0.0161,1.0898
431,-0.0356,-0.0328,0.9878
432,0.0642,0.0193,1.0995
433,-0.0207,0.0535,1.1105
434,-0.0298,0.0760,1.1008
435,-0.0512,0.1147,1.0663
436,-0.1326,0.2383,0.9628
437,-0.0770,0.2330,0.9979
438,0.1569,0.2191,0.9606
439,-0.0508,0.2308,0.8865
440,-0.0696,0.2297,0.9318
441,0.0987,0.2186,0.9319
442,-0.0246,0.1827,0.9626
443,-0.0073,0.1443,0.9778
444,0.1255,0.1039,1.0049
445,0.0117,0.0764,1.1184
446,0.0920,0.0240,1.1854
447,0.0736,0.0173,0.9923
448,-0.0618,-0.0308,1.1885
449,-0.1455,0.0317,1.0909
450,-0.0087,0.0617,1.1446
451,0.0190,0.1256,1.0161
452,-0.0359,0.0544,1.0998
453,0.0410,0.1108,0.9636
454,-0.1479,0.1264,0.9476
455,-0.0419,0.2429,0.9646
456,0.1155,0.1949,0.8953
457,0.0751,0.2456,1.0012
458,0.0890,0.2698,0.9825
459,0.0490,0.1772,1.1160
460,-0.0294,0.1356,1.0227
461,-0.0860,0.1173,0.9854
462,0.0814,0.1414,1.0157
463,0.0499,0.1283,1.0012
464,-0.0001,0.0630,1.0049
465,0.0577,-0.0317,1.0587
466,-0.0273,-0.0238,1.0887
467,-0.0410,0.0131,1.1433
468,0.0034,0.0944,1.1355
469,-0.1476,0.0970,1.0704
470,0.0562,0.0322,1.0562
471,0.0563,0.0641,0.9713
472,-0.2389,0.0817,0.9781
473,-0.0141,0.1803,0.9615
474,0.0065,0.2297,0.8782
475,-0.0681,0.3199,0.9034
476,0.0649,0.2689,1.0014
477,-0.0043,0.1785,0.9890
478,-0.0052,0.1609,1.0229
479,0.0366,0.0038,1.0217
480,-0.0359,-0.0183,1.0582
481,0.0244,0.0674,1.0588
482,0.0254,0.0768,1.0886
483,0.0596,0.0914,1.1735
484,-0.0314,0.1813,1.1667
485,-0.0347,0.0562,1.1155
486,0.1553,-0.0154,1.0688
487,-0.1558,0.0089,0.9274
488,-0.0457,-0.1801,0.8062
489,0.0956,-0.2398,0.7816
490,0.1231,-0.2493,0.9713
491,0.0823,-0.1821,0.9344
492,-0.0312,-0.1323,1.1866
493,0.0084,-0.1263,1.1042
494,0.0944,-0.2654,1.2060
495,0.0219,-0.1387,1.1966
496,-0.1607,-0.1641,1.2437
497,-0.1943,-0.1280,1.0422
498,0.0765,-0.2089,1.0771
499,-0.0716,-0.0798,0.9126
500,-0.2328,-0.1120,1.0566
501,0.0284,0.0099,0.8801
502,0.0221,-0.0009,0.9960
503,-0.0667,-0.0528,0.9943
504,0.0471,-0.0184,0.9518
505,0.0010,-0.1337,0.8837
506,0.0010,-0.1337,0.8837
507,-0.0276,-0.2129,0.9866
508,0.0512,-0.1434,0.9714
509,-0.0244,-0.1869,1.1382
510,-0.0554,-0.0928,1.1354
511,-0.0107,-0.0608,1.2122
512,-0.0964,-0.0942,1.1526
513,-0.0949,-0.0161,1.1010
514,-0.0356,0.0629,1.1258
515,-0.1125,0.0282,0.9883
516,-0.0422,-0.0486,0.9329
517,0.1582,0.0607,0.8995
518,-0.0742,0.0316,0.8650
519,-0.0485,0.0740,0.9684
520,0.1051,0.1589,1.0029
521,0.0740,0.0095,1.0483
522,0.0652,-0.0112,1.0623
523,-0.0232,-0.0117,1.0023
524,0.0334,-0.1475,0.9755
525,0.0586,-0.3289,0.9981
526,0.0412,-0.3078,1.0944
527,0.0037,-0.2131,1.1086
528,-0.0157,-0.1901,1.1902
529,0.0551,-0.1874,1.1624
530,0.0427,-0.0989,1.1763
531,-0.1082,-0.0759,1.0945
532,-0.1293,-0.0422,1.1216
533,-0.0034,0.0569,1.0153
534,-0.0606,0.0482,0.9856
535,-0.0704,0.0632,0.8595
536,0.0104,0.1002,0.8181
537,0.0244,0.1059,0.8544
538,-0.0483,0.0325,0.8722
539,0.0677,-0.0232,0.9033
540,0.0711,-0.0738,1.0932
541,-0.0239,-0.0674,1.1182
542,-0.0415,-0.1602,1.1801
543,-0.0145,-0.2352,1.1483
544,-0.0629,-0.2746,1.2072
545,-0.0577,-0.2142,1.0555
546,-0.1119,-0.2546,1.0276
547,-0.0512,-0.2435,1.0377
548,-0.0314,-0.1629,0.9722
549,-0.1223,-0.1485,0.9636
550,-0.1223,-0.1485,0.9636
551,-0.1207,-0.1072,1.0190
552,0.0063,-0.0950,1.0075
553,-0.0814,-0.0121,0.9374
554,-0.0371,-0.0452,0.9267
555,0.0615,-0.0450,0.9714
556,-0.0590,-0.0557,1.0519
557,-0.0003,-0.0258,0.9928
558,0.0654,-0.0923,1.0573
559,-0.0385,-0.0884,1.1888
560,-0.0085,0.0195,1.0896
561,0.1294,-0.1028,1.0867
562,0.0656,-0.1396,1.0198
563,0.1194,-0.1509,1.0458
564,0.0923,-0.1755,0.9604
565,-0.0126,-0.1769,1.0615
566,0.0795,-0.1956,1.0222
567,-0.0083,-0.0879,1.1429
568,-0.0628,-0.0723,1.0013
569,-0.0114,-0.0937,1.1328
570,0.0382,-0.0186,1.0126
571,-0.1260,0.0109,1.0110
572,-0.0761,-0.0338,0.9641
573,0.0300,-0.0114,0.8854
574,0.0552,-0.0378,0.9951
575,-0.0240,0.0544,1.0095
576,-0.0732,-0.0502,0.9943
577,0.1110,-0.1069,0.9878
578,0.0177,-0.1428,1.0411
579,0.0002,-0.0631,1.0385
580,-0.0220,-0.1201,1.0635
581,0.1188,-0.3051,1.1078
582,-0.0313,-0.2131,1.1015
583,-0.1627,-0.1684,1.1204
584,-0.1763,-0.1816,1.1208
585,-0.1257,-0.2516,1.0651
586,-0.0190,-0.1880,0.9008
587,-0.1689,-0.1439,0.9689
588,-0.1883,-0.0876,0.9858
589,-0.0687,-0.0661,1.0570
590,-0.0450,-0.1067,0.9102
591,-0.1528,-0.1480,1.1206
592,-0.0150,-0.0428,1.0166
593,0.1031,-0.0927,1.0312
594,0.0383,-0.1277,0.9753
595,0.0793,-0.1234,1.0774
596,0.0583,-0.0321,1.0520
597,0.0734,-0.0823,1.0630
598,0.1810,-0.1507,1.0562
599,0.0377,-0.1192,1.0082
600,0.0287,-0.1670,1.0491
601,0.0408,-0.1498,1.0505
602,-0.0211,-0.2089,1.0574
603,0.0145,-0.2038,0.9814
604,-0.0671,-0.2012,1.0171
605,-0.0459,-0.1232,1.0767
606,-0.0170,-0.1161,1.1456
607,-0.0259,-0.0939,0.9834
608,0.0314,-0.1440,0.9822
609,0.0620,-0.1494,1.0066
610,-0.0317,-0.1397,0.9923
611,0.0186,-0.1003,1.0003
612,0.0830,-0.0771,0.9410
613,0.0244,-0.0271,1.0491
614,0.1453,0.0057,1.0431
615,-0.0637,-0.0094,1.0933
616,0.0213,-0.0745,1.1372
617,-0.0572,-0.0728,1.0674
618,-0.0158,-0.1077,0.9637
619,-0.0657,-0.1431,0.9819
620,-0.0813,-0.1100,0.9722
621,-0.0363,-0.0859,0.9967
622,-0.0891,-0.0959,1.0450
623,-0.0952,-0.0833,1.0028
624,-0.0615,-0.1362,1.0457
625,-0.1863,-0.1713,0.9565
626,-0.0122,-0.2640,1.1025
627,0.0333,-0.1587,1.0200
628,-0.0628,-0.2410,1.0407
629,0.0649,-0.2203,1.0712
630,0.0649,-0.2203,1.0712
631,0.0410,-0.2247,1.0858
632,-0.0652,-0.1384,1.0867
633,0.1246,-0.0932,1.0563
634,0.1060,-0.1174,1.1125
635,0.0744,-0.0966,1.0092
636,-0.0056,-0.1157,0.9450
637,-0.0121,-0.1810,0.9488
638,0.0401,-0.1905,1.0021
639,0.0707,-0.1282,0.8982
640,-0.0128,-0.1726,1.0798
641,-0.0167,-0.1512,1.1255
642,-0.0799,-0.1812,1.1455
643,-0.1044,-0.1324,1.0540
644,-0.0029,-0.0976,1.1019
645,0.0441,-0.0519,1.0322
646,0.0319,-0.0562,0.9910
647,0.0476,-0.1218,0.9213
648,0.0000,-0.1906,0.9626
649,-0.0152,-0.0875,0.9709
650,0.0040,-0.0488,1.0314
651,0.0987,-0.0313,1.0323
652,0.1188,-0.0677,1.0718
653,0.0473,-0.1124,1.0428
654,-0.0289,-0.1389,1.0894
655,-0.0197,-0.0815,1.0608
656,-0.0302,-0.1213,1.0529
657,0.0069,-0.0764,1.0115
658,0.0278,-0.0923,1.0285
659,-0.1204,-0.1118,0.9876
660,-0.0932,-0.1230,0.9861
661,-0.0370,-0.0848,1.0252
662,-0.0329,-0.0192,1.0170
663,0.0366,-0.0087,1.0095
664,-0.0041,-0.0691,1.0210
665,-0.0216,-0.1896,1.0135
666,-0.0101,-0.2444,1.0244
667,-0.0496,-0.2422,1.0925
668,-0.0157,-0.1744,1.1064
669,0.0845,-0.0922,1.0811
670,0.0845,-0.0922,1.0811
671,0.0789,-0.1100,1.0621
672,0.0458,-0.1227,0.9987
673,0.0375,-0.1465,1.0238
674,-0.1233,-0.1976,1.0560
675,-0.0536,-0.1735,1.0564
676,0.0593,-0.1680,0.9977
677,-0.0397,-0.1597,0.9474
678,0.0909,-0.1492,1.0046
679,0.0291,-0.1556,0.9675
680,-0.1392,-0.1725,1.1223
681,-0.0500,-0.1154,1.1122
682,-0.0486,-0.0680,1.0561
683,0.0167,-0.0273,1.0398
684,0.0801,0.0323,0.9687
685,0.0182,-0.0450,0.9430
686,-0.0346,-0.1443,0.9836
687,-0.0045,-0.1740,1.0192
688,-0.0007,-0.1223,1.0087
689,-0.0168,-0.0165,1.0609
690,0.1372,0.0251,1.0814
691,0.1560,0.0620,1.0317
692,0.0627,-0.0767,1.0814
693,-0.0823,-0.1723,1.0842
694,-0.0823,-0.1723,1.0842
695,-0.0372,-0.2089,1.0579
696,-0.0165,-0.1172,0.9694
697,0.0032,-0.0735,1.0209
698,0.0557,-0.0137,1.0429
699,0.0427,0.0077,1.0693
700,-0.0312,-0.0421,1.0643
701,-0.1331,-0.0688,1.0789
702,-0.0913,-0.0479,0.9768
703,0.0502,-0.0178,0.8898
704,0.0659,-0.0396,0.9354
705,0.0695,-0.0718,1.0290
706,0.1416,-0.1177,1.0347
707,0.0510,-0.1935,1.0530
708,-0.0804,-0.1971,1.1526
709,-0.0207,-0.1707,1.0842
710,-0.0021,-0.1509,1.0356
711,0.0446,-0.2084,1.0647
712,-0.0628,-0.2109,1.1028
713,-0.0339,-0.2110,0.9906
714,-0.0819,-0.2107,0.9411
715,-0.1365,-0.1835,1.0337
716,-0.0750,-0.0995,1.0031
717,0.0161,-0.0923,0.9509
718,0.0146,-0.0844,1.0390
719,-0.0425,-0.0425,1.1246
720,-0.0681,0.0238,1.0586
721,0.0029,-0.0053,0.9999
722,0.0580,-0.0344,1.0129
723,-0.0681,-0.0181,1.0661
724,-0.0067,0.0277,1.0312
725,0.0731,0.0314,1.0167
726,0.0532,0.0156,1.0444
727,-0.0381,0.0418,1.0552
728,0.0298,0.0029,0.9773
729,0.1107,-0.0967,0.9407
730,0.0449,-0.1749,0.9815
731,-0.0953,-0.1644,1.0384
732,-0.0314,-0.0791,1.0424
733,0.0742,-0.0513,1.0914
734,0.0800,-0.0405,1.1257
735,-0.0439,-0.0621,1.1172
736,-0.0334,-0.0853,1.0913
737,-0.0090,-0.1328,1.0436
738,-0.0374,-0.1794,0.9116
739,-0.0574,-0.1733,0.9044
740,0.0297,-0.1302,0.9678
741,0.0798,0.0001,1.0625
742,0.0538,0.0984,1.0945
743,-0.0151,0.0934,1.1100
744,-0.0459,0.0446,1.1358
745,-0.0107,-0.0058,1.0451
746,-0.0170,-0.0911,0.9537
747,0.0013,-0.2173,0.8990
748,0.0537,-0.2999,0.9055
749,0.0258,-0.2642,0.9753
750,-0.0814,-0.1333,1.0900
751,-0.0632,-0.0621,1.1927
752,0.0314,-0.0505,1.1614
753,0.0854,-0.0355,1.1480
754,-0.0757,-0.0518,1.1020
755,-0.1708,-0.0826,1.0405
756,-0.0671,-0.1540,0.9295
757,0.0001,-0.2529,0.8174
758,-0.0026,-0.2305,0.8331
759,-0.0518,-0.1584,0.9925
760,-0.1155,-0.0325,1.1556
761,0.0065,0.0532,1.1999
762,-0.0042,0.1245,1.1581
763,0.0087,0.1156,1.1203
764,-0.0310,0.0519,1.0151
765,-0.0461,-0.0956,0.9807
766,-0.0728,-0.1533,0.9176
767,-0.0277,-0.1382,0.9158
768,0.0139,-0.1118,0.8885
769,0.0704,-0.1231,0.9434
770,0.0831,-0.1213,1.0503
771,0.0016,-0.0874,1.1578
772,-0.0314,-0.0170,1.2542
773,0.0003,0.0431,1.2289
774,-0.0091,0.0146,1.1409
775,-0.0004,-0.0408,0.9747
776,0.0095,-0.1255,0.8899
777,-0.0458,-0.1376,0.8945
778,-0.0608,-0.0607,0.9974
779,-0.0123,0.1038,1.0178
780,0.0850,0.1735,0.9702
781,0.1003,0.1245,0.9583
782,0.0142,-0.0028,0.9891
783,-0.0637,-0.1297,1.0237
784,-0.0344,-0.2514,1.0998
785,-0.0712,-0.2461,1.1592
786,0.0032,-0.1694,1.1179
787,0.0417,-0.0946,0.9944
788,0.0521,-0.1218,1.0301
789,-0.0910,-0.0858,1.1031
790,-0.1044,-0.0665,1.1399
791,-0.0654,-0.0476,1.0447
792,-0.0001,-0.1061,0.9662
793,-0.0557,-0.0986,0.8334
794,-0.0266,-0.0952,0.8365
795,0.0200,-0.0693,0.9304
796,-0.0056,-0.0615,1.0964
797,-0.0655,-0.0408,1.2120
798,-0.0524,-0.0471,1.1913
799,-0.0474,-0.1005,1.0789
800,-0.0552,-0.1592,0.9836
801,-0.1135,-0.1743,0.9532
802,-0.0681,-0.1280,1.0005
803,-0.0124,-0.0374,1.0635
804,0.0276,0.0184,1.0720
805,0.0181,0.0131,1.0114
806,0.0324,-0.0647,0.9815
807,-0.0190,-0.1135,0.9842
808,-0.0630,-0.1572,1.0249
809,-0.0356,-0.1658,1.0184
810,0.0798,-0.2085,1.0081
811,0.0662,-0.1591,1.0174
812,-0.0157,-0.0970,1.0742
813,-0.0993,-0.0305,1.1599
814,-0.0544,0.0397,1.1723
815,0.0272,0.0771,1.1230
816,0.0594,0.0529,1.0178
817,-0.0024,-0.0396,0.9459
818,-0.0566,-0.1368,0.8526
819,-0.0381,-0.1808,0.8698
820,-0.0430,-0.0796,0.9371
821,0.0198,0.0115,1.0462
822,0.0851,0.0167,1.1035
823,0.1193,-0.0681,1.1702
824,-0.0262,-0.1355,1.1580
825,-0.0970,-0.1682,1.1017
826,-0.1059,-0.1790,1.0505
827,-0.0589,-0.1529,0.9720
828,-0.0161,-0.1100,0.9280
829,0.0358,-0.0657,0.9453
830,-0.0146,-0.0498,1.0359
831,-0.0384,-0.0329,1.0671
832,-0.0779,-0.0325,1.0671
833,-0.0266,-0.0810,1.0049
834,0.0000,-0.1364,0.9879
835,0.0203,-0.1777,0.9824
836,0.0203,-0.1777,0.9824
837,-0.0323,-0.1903,1.0483
838,-0.0546,-0.1745,1.1228
839,-0.0950,-0.0984,1.1603
840,-0.0754,-0.0455,1.1152
841,-0.0314,-0.0434,1.0370
842,0.0397,-0.0981,0.9624
843,0.0400,-0.1595,0.9292
844,-0.0417,-0.1780,0.9381
845,-0.0202,-0.1972,0.9810
846,-0.0095,-0.1978,0.9917
847,0.0180,-0.1827,1.0308
848,0.0328,-0.1220,1.0755
849,0.0298,-0.1143,1.1606
850,-0.0076,-0.0699,1.1663
851,-0.0154,-0.0510,1.1204
852,-0.0393,-0.0645,1.0339
853,-0.0547,-0.0601,0.9617
854,-0.0001,-0.0184,0.9097
855,0.0009,-0.0016,0.9802
856,0.0134,0.0317,0.9944
857,0.0373,0.0403,1.0125
858,0.0319,0.0032,0.9921
859,-0.0038,-0.0345,1.0368
860,-0.0151,-0.0254,1.0508
861,0.0129,-0.0254,1.0690
862,-0.0062,-0.0122,1.0925
863,-0.0032,0.0121,1.1254
864,-0.0443,0.0386,1.0520
865,-0.0088,0.0109,1.0074
866,0.0038,-0.0146,0.9539
867,-0.0157,-0.0474,0.9419
868,0.0034,-0.0547,0.9474
869,0.0571,-0.0560,0.9723
870,0.0135,-0.0555,1.0242
871,0.0079,-0.0333,1.0550
872,-0.0378,-0.0286,1.1099
873,-0.0269,-0.0253,1.1300
874,-0.0157,-0.0158,1.1287
875,-0.0300,-0.0284,1.0501
876,-0.0238,-0.0342,1.0051
877,-0.0322,-0.0245,0.9534
878,-0.0314,-0.0117,0.9678
879,-0.0339,-0.0033,0.9494
880,0.0323,-0.0239,0.9854
881,0.0599,-0.0232,1.0044
882,0.0057,-0.0277,1.0502
883,-0.0256,-0.0235,1.0610
884,0.0143,-0.0560,1.1042
885,-0.0137,-0.0528,1.0949
886,-0.0004,-0.0579,1.0927
887,-0.0159,-0.0428,1.0566
888,-0.0112,-0.0521,1.0253
889,-0.0167,-0.0273,0.9684
890,-0.0042,-0.0043,0.9417
891,0.0057,0.0131,0.9601
892,0.0505,0.0245,0.9932
893,0.0368,0.0239,1.0270
894,0.0157,0.0153,1.0376
895,-0.0035,0.0079,1.0705
896,-0.0151,-0.0058,1.0599
897,-0.0134,-0.0225,1.0603
898,0.0267,-0.0354,1.0355
899,0.0172,-0.0345,1.0242
900,0.0129,-0.0271,0.9888
901,0.0009,-0.0121,1.0016
902,0.0143,-0.0143,1.0110
903,0.0267,-0.0152,1.0354
904,0.0536,-0.0112,1.0334
905,0.0180,-0.0137,1.0641
906,-0.0005,-0.0223,1.0422
907,-0.0146,-0.0232,1.0408
908,-0.0261,-0.0217,1.0202
909,-0.0045,-0.0328,1.0298
910,0.0139,-0.0222,1.0239
911,0.0087,-0.0164,1.0356
912,-0.0068,-0.0144,1.0150
913,-0.0068,-0.0190,1.0166
914,-0.0001,-0.0123,1.0034
915,0.0242,-0.0380,1.0315
916,0.0336,-0.0373,1.0214
917,0.0108,-0.0282,1.0432
918,-0.0239,-0.0225,1.0307
919,-0.0249,-0.0296,1.0438
920,-0.0225,-0.0217,1.0440
921,0.0159,-0.0220,1.0287
922,0.0190,-0.0319,1.0373
923,0.0205,-0.0173,1.0363
924,-0.0126,0.0038,1.0252
925,-0.0080,0.0095,0.9964
926,0.0016,0.0070,1.0166
927,0.0421,0.0093,1.0006
928,0.0153,0.0002,1.0185
929,0.0091,0.0044,1.0266
930,-0.0197,-0.0029,1.0374
931,-0.0185,-0.0048,1.0251
932,-0.0127,-0.0129,1.0315
933,0.0225,-0.0203,1.0403
934,0.0157,-0.0137,1.0488
935,0.0263,0.0067,1.0270
936,0.0077,-0.0051,1.0297
937,0.0004,-0.0181,1.0217
938,0.0236,-0.0112,1.0273
939,0.0383,-0.0085,1.0221
940,0.0229,-0.0114,1.0401
941,0.0109,0.0080,1.0200
942,0.0028,-0.0004,1.0137
943,-0.0112,0.0001,1.0034
944,0.0069,-0.0012,1.0195
945,0.0223,-0.0024,1.0212
946,0.0207,-0.0014,1.0535
947,0.0156,-0.0031,1.0439
948,0.0077,-0.0103,1.0345
949,0.0018,-0.0094,1.0381
950,0.0261,-0.0126,1.0441
951,0.0177,-0.0111,1.0333
952,0.0203,-0.0081,1.0305
953,-0.0200,-0.0021,1.0145
954,-0.0157,0.0009,1.0098
955,-0.0251,0.0034,1.0206
956,0.0002,0.0095,1.0212
957,0.0056,-0.0021,1.0347
958,-0.0070,0.0004,1.0401
959,-0.0367,0.0038,1.0532
960,-0.0358,0.0176,1.0367
961,-0.0090,0.0151,1.0466
962,0.0320,0.0121,1.0226
963,0.0060,0.0170,1.0222
964,-0.0037,0.0212,1.0264
965,-0.0148,0.0369,1.0226
966,-0.0192,0.0378,1.0054
967,0.0018,0.0262,1.0063
968,0.0356,0.0219,1.0238
969,0.0009,0.0200,1.0530
970,-0.0165,0.0336,1.0447
971,0.0052,0.0154,1.0417
972,-0.0055,0.0136,1.0197
973,0.0179,0.0137,1.0214
974,0.0000,0.0184,1.0219
975,0.0042,0.0007,1.0518
976,-0.0004,0.0103,1.0179
977,-0.0044,0.0052,1.0105
978,-0.0156,0.0228,1.0210
979,0.0070,0.0140,1.0315
980,0.0124,0.0146,1.0316
981,0.0057,0.0181,1.0394
982,-0.0153,0.0203,1.0355
983,-0.0160,0.0295,1.0278
984,-0.0151,0.0347,1.0349
985,0.0224,0.0243,1.0293
986,0.0286,0.0159,1.0288
987,0.0219,0.0154,1.0166
988,-0.0280,0.0267,1.0185
989,-0.0306,0.0278,1.0209
990,-0.0099,0.0231,1.0212
991,0.0251,0.0187,1.0134
992,-0.0056,0.0150,1.0248
993,-0.0134,0.0130,1.0380
994,-0.0275,0.0146,1.0421
995,-0.0324,0.0234,1.0267
996,-0.0157,0.0150,1.0311
997,-0.0104,0.0112,1.0281
998,-0.0325,0.0127,1.0429
999,-0.0178,0.0300,1.0306
Rate 1669, overflows 0
